,connect_flag
0,1
1,0
2,1
3,1
4,1
5,1
6,1
7,1
8,1
9,1
10,1
11,1
12,1
13,1
14,1
15,1
16,1
17,1
18,1
19,1
20,1
21,1
22,1
23,1
24,0
25,1
26,1
27,1
28,1
29,1
30,0
31,1
32,1
33,1
34,0
35,1
36,0
37,1
38,1
39,0
40,0
41,0
42,1
43,0
44,0
45,1
46,0
47,1
48,1
49,1
50,1
51,1
52,0
53,1
54,1
55,0
56,1
57,1
58,1
59,1
60,1
61,1
62,1
63,1
64,1
65,0
66,1
67,1
68,1
69,0
70,0
71,1
72,1
73,1
74,1
75,0
76,0
77,1
78,1
79,1
80,1
81,1
82,0
83,1
84,1
85,0
86,1
87,0
88,0
89,1
90,0
91,0
92,1
93,0
94,1
95,1
96,1
97,1
98,1
99,1
100,1
101,1
102,1
103,1
104,0
105,1
106,1
107,0
108,1
109,0
110,0
111,0
112,1
113,1
114,1
115,1
116,1
117,1
118,0
119,0
120,1
121,0
122,0
123,0
124,1
125,1
126,1
127,1
128,1
129,1
130,0
131,0
132,1
133,0
134,1
135,1
136,1
137,1
138,1
139,1
140,1
141,1
142,1
143,1
144,1
145,1
146,1
147,1
148,0
149,1
150,1
151,1
152,1
153,0
154,1
155,1
156,1
157,1
158,1
159,0
160,1
161,1
162,1
163,1
164,1
165,0
166,1
167,1
168,0
169,0
170,0
171,1
172,1
173,1
174,0
175,1
176,1
177,1
178,1
179,1
180,1
181,0
182,0
183,1
184,1
185,0
186,0
187,1
188,1
189,1
190,0
191,0
192,0
193,1
194,1
195,1
196,0
197,1
198,0
199,1
200,0
201,1
202,1
203,0
204,1
205,1
206,1
207,0
208,1
209,1
210,1
211,1
212,1
213,0
214,1
215,1
216,1
217,1
218,0
219,1
220,0
221,1
222,0
223,1
224,1
225,1
226,1
227,1
228,1
229,1
230,1
231,1
232,0
233,1
234,0
235,1
236,1
237,1
238,0
239,0
240,1
241,1
242,1
243,1
244,1
245,1
246,1
247,0
248,0
249,1
250,1
251,1
252,1
253,0
254,1
255,1
256,0
257,1
258,1
259,0
260,1
261,1
262,0
263,1
264,1
265,0
266,1
267,1
268,1
269,1
270,1
271,1
272,1
273,1
274,1
275,1
276,1
277,0
278,0
279,0
280,1
281,1
282,1
283,1
284,1
285,0
286,1
287,1
288,1
289,1
290,1
291,1
292,1
293,0
294,0
295,1
296,1
297,0
298,1
299,1
300,1
301,1
302,1
303,1
304,1
305,1
306,1
307,1
308,1
309,1
310,1
311,1
312,1
313,0
314,1
315,1
316,0
317,0
318,1
319,0
320,1
321,1
322,1
323,1
324,1
325,1
326,1
327,1
328,0
329,0
330,1
331,1
332,1
333,1
334,1
335,1
336,1
337,1
338,0
339,0
340,1
341,1
342,1
343,1
344,0
345,1
346,1
347,1
348,1
349,0
350,1
351,1
352,1
353,1
354,0
355,1
356,1
357,1
358,0
359,1
360,1
361,1
362,1
363,1
364,1
365,1
366,1
367,1
368,1
369,1
370,1
371,1
372,1
373,0
374,1
375,1
376,1
377,1
378,0
379,1
380,0
381,0
382,1
383,0
384,1
385,0
386,1
387,1
388,1
389,1
390,1
391,0
392,1
393,0
394,1
395,1
396,0
397,0
398,1
399,1
400,1
401,1
402,1
403,1
404,1
405,1
406,0
407,1
408,1
409,1
410,1
411,0
412,1
413,1
414,1
415,1
416,1
417,1
418,1
419,1
420,1
421,1
422,1
423,1
424,1
425,0
426,1
427,0
428,1
429,0
430,0
431,1
432,0
433,1
434,1
435,1
436,1
437,1
438,1
439,0
440,1
441,1
442,1
443,1
444,1
445,1
446,1
447,1
448,1
449,1
450,1
451,1
452,0
453,1
454,1
455,1
456,1
457,1
458,0
459,1
460,1
461,1
462,1
463,1
464,1
465,1
466,0
467,1
468,1
469,1
470,1
471,1
472,1
473,1
474,1
475,1
476,1
477,1
478,1
479,0
480,0
481,0
482,1
483,1
484,1
485,1
486,1
487,1
488,1
489,1
490,1
491,1
492,1
493,1
494,1
495,1
496,1
497,1
498,1
499,1
500,1
501,1
502,1
503,1
504,1
505,1
506,1
507,1
508,1
509,1
510,1
511,1
512,1
513,1
514,1
515,1
516,1
517,1
518,1
519,1
520,1
521,1
522,1
523,1
524,1
525,1
526,1
527,1
528,1
529,1
530,1
531,1
532,1
533,1
534,1
535,1
536,1
537,1
538,1
539,1
540,1
541,1
542,1
543,1
544,1
545,1
546,1
547,1
548,1
549,1
550,1
551,1
552,1
553,1
554,1
555,1
556,1
557,1
558,1
559,1
560,1
561,1
562,1
563,1
564,1
565,1
566,1
567,1
568,1
569,0
570,1
571,1
572,0
573,1
574,1
575,1
576,1
577,1
578,1
579,1
580,0
581,0
582,0
583,1
584,0
585,1
586,1
587,1
588,0
589,0
590,1
591,1
592,0
593,1
594,0
595,1
596,1
597,0
598,1
599,1
600,1
601,0
602,1
603,1
604,0
605,0
606,1
607,1
608,0
609,0
610,0
611,1
612,1
613,0
614,0
615,0
616,0
617,0
618,1
619,1
620,1
621,1
622,1
623,0
624,0
625,0
626,0
627,1
628,1
629,1
630,0
631,1
632,0
633,1
634,1
635,1
636,0
637,0
638,1
639,0
640,1
641,0
642,1
643,0
644,1
645,1
646,1
647,1
648,1
649,0
650,0
651,1
652,1
653,0
654,0
655,0
656,1
657,0
658,0
659,0
660,1
661,0
662,0
663,0
664,1
665,1
666,0
667,0
668,1
669,1
670,1
671,1
672,1
673,1
674,0
675,0
676,0
677,1
678,0
679,0
680,0
681,0
682,0
683,1
684,1
685,1
686,0
687,0
688,0
689,1
690,1
691,0
692,0
693,0
694,0
695,0
696,0
697,1
698,1
699,0
700,0
701,0
702,1
703,0
704,0
705,1
706,1
707,0
708,1
709,0
710,0
711,1
712,0
713,0
714,1
715,0
716,0
717,1
718,0
719,1
720,1
721,0
722,0
723,0
724,0
725,0
726,0
727,0
728,0
729,0
730,0
731,0
732,0
733,0
734,0
735,1
736,0
737,1
738,1
739,1
740,0
741,1
742,0
743,1
744,1
745,1
746,0
747,1
748,0
749,0
750,0
751,0
752,1
753,0
754,1
755,0
756,0
757,0
758,1
759,0
760,0
761,1
762,1
763,1
764,1
765,0
766,0
767,1
768,0
769,1
770,0
771,0
772,0
773,1
774,1
775,1
776,1
777,1
778,1
779,0
780,0
781,0
782,0
783,0
784,0
785,0
786,1
787,0
788,1
789,0
790,0
791,0
792,1
793,1
794,1
795,0
796,1
797,0
798,0
799,1
800,0
801,0
802,1
803,1
804,1
805,1
806,0
807,1
808,0
809,0
810,0
811,0
812,1
813,0
814,0
815,1
816,0
817,1
818,1
819,0
820,1
821,1
822,0
823,0
824,0
825,1
826,1
827,0
828,0
829,0
830,1
831,0
832,1
833,0
834,0
835,0
836,0
837,0
838,1
839,1
840,0
841,0
842,0
843,0
844,0
845,1
846,1
847,1
848,0
849,1
850,0
851,0
852,0
853,0
854,0
855,0
856,0
857,0
858,0
859,0
860,0
861,0
862,0
863,1
864,0
865,1
866,0
867,0
868,1
869,0
870,0
871,0
872,1
873,1
874,1
875,0
876,1
877,1
878,0
879,0
880,1
881,0
882,0
883,1
884,1
885,0
886,0
887,0
888,0
889,1
890,0
891,0
892,0
893,0
894,1
895,0
896,0
897,1
898,0
899,0
900,0
901,0
902,1
903,0
904,0
905,1
906,0
907,1
908,0
909,0
910,1
911,0
912,0
913,1
914,0
915,0
916,0
917,0
918,0
919,1
920,1
921,1
922,0
923,1
924,0
925,0
926,0
927,1
928,0
929,0
930,0
931,0
932,0
933,0
934,0
935,0
936,0
937,1
938,1
939,0
940,1
941,0
942,0
943,1
944,0
945,1
946,0
947,0
948,0
949,0
950,0
951,1
952,1
953,0
954,0
955,1
956,0
957,0
958,1
959,0
960,0
961,1
962,1
963,0
964,0
965,1
966,0
967,0
968,1
969,1
970,0
971,1
972,0
973,0
974,0
975,0
976,0
977,1
978,0
979,1
980,0
981,1
982,1
983,0
984,0
985,0
986,1
987,0
988,0
989,0
990,0
991,1
992,0
993,1
994,1
995,0
996,1
997,0
998,0
999,1
1000,0
1001,1
1002,0
1003,1
1004,0
1005,0
1006,1
1007,1
1008,0
1009,0
1010,1
1011,1
1012,0
1013,1
1014,0
1015,1
1016,1
1017,0
1018,1
1019,1
1020,0
1021,0
1022,0
1023,0
1024,0
1025,0
1026,1
1027,1
1028,0
1029,0
1030,0
1031,0
1032,0
1033,0
1034,0
1035,0
1036,0
1037,0
1038,1
1039,1
1040,0
1041,0
1042,1
1043,0
1044,1
1045,0
1046,1
1047,1
1048,1
1049,1
1050,0
1051,0
1052,0
1053,1
1054,0
1055,0
1056,0
1057,0
1058,0
1059,1
1060,0
1061,0
1062,0
1063,0
1064,0
1065,0
1066,0
1067,0
1068,0
1069,1
1070,0
1071,1
1072,0
1073,0
1074,0
1075,0
1076,0
1077,0
1078,0
1079,1
1080,1
1081,1
1082,1
1083,1
1084,0
1085,0
1086,0
1087,0
1088,1
1089,0
1090,0
1091,0
1092,0
1093,0
1094,0
1095,1
1096,0
1097,1
1098,0
1099,0
1100,1
1101,0
1102,0
1103,1
1104,0
1105,0
1106,0
1107,0
1108,0
1109,1
1110,0
1111,1
1112,0
1113,0
1114,0
1115,0
1116,0
1117,1
1118,1
1119,0
1120,0
1121,0
1122,0
1123,1
1124,0
1125,0
1126,0
1127,0
1128,0
1129,0
1130,0
1131,0
1132,0
1133,1
1134,1
1135,1
1136,1
1137,0
1138,1
1139,1
1140,0
1141,0
1142,1
1143,0
1144,1
1145,0
1146,0
1147,0
1148,1
1149,0
1150,0
1151,0
1152,1
1153,0
1154,0
1155,1
1156,1
1157,0
1158,1
1159,0
1160,0
1161,1
1162,0
1163,1
1164,1
1165,1
1166,1
1167,0
1168,0
1169,1
1170,0
1171,1
1172,1
1173,0
1174,1
1175,1
1176,0
1177,0
1178,0
1179,0
1180,1
1181,1
1182,0
1183,1
1184,1
1185,0
1186,0
1187,1
1188,0
1189,0
1190,0
1191,0
1192,0
1193,0
1194,0
1195,0
1196,1
1197,0
1198,0
1199,1
1200,0
1201,0
1202,0
1203,0
1204,1
1205,0
1206,0
1207,0
1208,0
1209,0
1210,0
1211,1
1212,0
1213,0
1214,0
1215,0
1216,0
1217,0
1218,0
1219,0
1220,0
1221,1
1222,0
1223,0
1224,1
1225,0
1226,1
1227,1
1228,0
1229,0
1230,1
1231,1
1232,1
1233,1
1234,1
1235,0
1236,1
1237,0
1238,0
1239,0
1240,1
1241,0
1242,0
1243,1
1244,1
1245,0
1246,0
1247,1
1248,0
1249,1
1250,0
1251,0
1252,0
1253,0
1254,1
1255,0
1256,1
1257,1
1258,1
1259,0
1260,0
1261,1
1262,0
1263,1
1264,0
1265,0
1266,0
1267,1
1268,0
1269,1
1270,1
1271,0
1272,0
1273,0
1274,0
1275,0
1276,0
1277,0
1278,1
1279,0
1280,0
1281,1
1282,0
1283,0
1284,1
1285,0
1286,1
1287,0
1288,0
1289,1
1290,1
1291,0
1292,0
1293,1
1294,0
1295,0
1296,0
1297,0
1298,1
1299,1
1300,0
1301,0
1302,1
1303,0
1304,0
1305,0
1306,1
1307,1
1308,0
1309,1
1310,0
1311,1
1312,1
1313,0
1314,0
1315,0
1316,0
1317,0
1318,0
1319,1
1320,1
1321,1
1322,0
1323,1
1324,0
1325,0
1326,0
1327,0
1328,0
1329,0
1330,0
1331,0
1332,0
1333,1
1334,0
1335,0
1336,0
1337,1
1338,1
1339,0
1340,0
1341,1
1342,0
1343,0
1344,0
1345,1
1346,1
1347,0
1348,0
1349,0
1350,1
1351,0
1352,0
1353,0
1354,0
1355,1
1356,0
1357,1
1358,1
1359,0
1360,0
1361,0
1362,0
1363,0
1364,0
1365,1
1366,0
1367,1
1368,0
1369,0
1370,0
1371,0
1372,0
1373,1
1374,1
1375,1
1376,1
1377,1
1378,0
1379,1
1380,0
1381,1
1382,0
1383,1
1384,1
1385,0
1386,1
1387,1
1388,0
1389,1
1390,1
1391,0
1392,0
1393,1
1394,1
1395,1
1396,0
1397,1
1398,0
1399,1
1400,0
1401,0
1402,0
1403,1
1404,1
1405,1
1406,0
1407,1
1408,0
1409,0
1410,0
1411,1
1412,1
1413,0
1414,0
1415,1
1416,0
1417,0
1418,0
1419,0
1420,0
1421,0
1422,0
1423,0
1424,0
1425,1
1426,1
1427,0
1428,0
1429,1
1430,0
1431,0
1432,0
1433,0
1434,0
1435,0
1436,1
1437,0
1438,1
1439,1
1440,0
1441,0
1442,0
1443,0
1444,1
1445,1
1446,1
1447,1
1448,1
1449,0
1450,0
1451,1
1452,0
1453,0
1454,0
1455,0
1456,0
1457,1
1458,1
1459,0
1460,0
1461,1
1462,0
1463,1
1464,0
1465,0
1466,0
1467,1
1468,1
1469,1
1470,1
1471,0
1472,0
1473,0
1474,0
1475,0
1476,1
1477,0
1478,0
1479,1
1480,0
1481,1
1482,0
1483,0
1484,0
1485,0
1486,0
1487,0
1488,1
1489,0
1490,0
1491,0
1492,1
1493,0
1494,0
1495,0
1496,1
1497,0
1498,0
1499,1
1500,0
1501,0
1502,1
1503,0
1504,0
1505,1
1506,0
1507,0
1508,0
1509,0
1510,0
1511,1
1512,1
1513,1
1514,0
1515,1
1516,1
1517,0
1518,0
1519,1
1520,0
1521,0
1522,0
1523,0
1524,0
1525,1
1526,0
1527,0
1528,1
1529,0
1530,0
1531,1
1532,1
1533,0
1534,0
1535,0
1536,1
1537,1
1538,1
1539,0
1540,1
1541,0
1542,0
1543,0
1544,1
1545,0
1546,0
1547,1
1548,0
1549,0
1550,0
1551,1
1552,1
1553,0
1554,1
1555,0
1556,0
1557,0
1558,0
1559,0
1560,0
1561,1
1562,0
1563,0
1564,1
1565,1
1566,0
1567,1
1568,1
1569,0
1570,0
1571,1
1572,0
1573,1
1574,0
1575,1
1576,0
1577,0
1578,0
1579,0
1580,0
1581,1
1582,0
1583,0
1584,1
1585,0
1586,1
1587,0
1588,0
1589,1
1590,1
1591,0
1592,0
1593,0
1594,0
1595,0
1596,1
1597,0
1598,1
1599,1
1600,0
1601,0
1602,0
1603,1
1604,1
1605,0
1606,0
1607,0
1608,0
1609,0
1610,0
1611,0
1612,0
1613,1
1614,0
1615,0
1616,1
1617,1
1618,0
1619,0
1620,1
1621,0
1622,0
1623,1
1624,0
1625,0
1626,0
1627,0
1628,1
1629,1
1630,1
1631,1
1632,1
1633,0
1634,1
1635,0
1636,1
1637,1
1638,1
1639,1
1640,0
1641,1
1642,1
1643,0
1644,0
1645,0
1646,0
1647,1
1648,0
1649,1
1650,0
1651,0
1652,0
1653,0
1654,0
1655,0
1656,0
1657,0
1658,0
1659,0
1660,0
1661,0
1662,0
1663,0
1664,0
1665,1
1666,0
1667,0
1668,0
1669,0
1670,0
1671,0
1672,0
1673,0
1674,0
1675,0
1676,0
1677,0
1678,0
1679,1
1680,0
1681,1
1682,1
1683,1
1684,1
1685,0
1686,1
1687,0
1688,0
1689,0
1690,0
1691,1
1692,1
1693,0
1694,1
1695,0
1696,1
1697,1
1698,0
1699,0
1700,1
1701,0
1702,1
1703,1
1704,0
1705,0
1706,0
1707,0
1708,0
1709,0
1710,0
1711,0
1712,0
1713,1
1714,0
1715,0
1716,1
1717,1
1718,0
1719,1
1720,0
1721,0
1722,0
1723,0
1724,0
1725,0
1726,1
1727,0
1728,0
1729,0
1730,0
1731,0
1732,1
1733,1
1734,0
1735,1
1736,1
1737,1
1738,0
1739,0
1740,1
1741,0
1742,1
1743,0
1744,0
1745,1
1746,1
1747,0
1748,0
1749,0
1750,0
1751,1
1752,0
1753,0
1754,0
1755,1
1756,1
1757,0
1758,1
1759,1
1760,0
1761,0
1762,1
1763,0
1764,0
1765,0
1766,1
1767,1
1768,0
1769,1
1770,1
1771,1
1772,1
1773,0
1774,0
1775,0
1776,0
1777,0
1778,1
1779,1
1780,1
1781,1
1782,0
1783,0
1784,1
1785,0
1786,0
1787,0
1788,0
1789,0
1790,0
1791,0
1792,1
1793,0
1794,0
1795,0
1796,1
1797,1
1798,0
1799,0
1800,0
1801,0
1802,0
1803,0
1804,0
1805,1
1806,1
1807,1
1808,1
1809,0
1810,0
1811,1
1812,1
1813,1
1814,0
1815,0
1816,0
1817,0
1818,0
1819,0
1820,0
1821,0
1822,1
1823,1
1824,0
1825,1
1826,1
1827,1
1828,0
1829,0
1830,0
1831,0
1832,0
1833,0
1834,1
1835,1
1836,0
1837,0
1838,0
1839,1
1840,0
1841,1
1842,0
1843,1
1844,0
1845,1
1846,0
1847,0
1848,0
1849,1
1850,0
1851,0
1852,0
1853,0
1854,0
1855,1
1856,1
1857,0
1858,1
1859,0
1860,0
1861,0
1862,1
1863,1
1864,1
1865,0
1866,0
1867,0
1868,0
1869,1
1870,1
1871,0
1872,1
1873,0
1874,1
1875,0
1876,1
1877,0
1878,0
1879,0
1880,0
1881,0
1882,0
1883,0
1884,1
1885,0
1886,0
1887,0
1888,0
1889,1
1890,1
1891,1
1892,0
1893,1
1894,1
1895,1
1896,0
1897,1
1898,1
1899,1
1900,1
1901,0
1902,0
1903,0
1904,0
1905,0
1906,1
1907,0
1908,1
1909,0
1910,1
1911,0
1912,0
1913,0
1914,0
1915,1
1916,1
1917,0
1918,1
1919,0
1920,0
1921,0
1922,0
1923,0
1924,0
1925,0
1926,0
1927,1
1928,0
1929,0
1930,0
1931,0
1932,0
1933,0
1934,1
1935,1
1936,0
1937,0
1938,0
1939,0
1940,0
1941,1
1942,1
1943,0
1944,1
1945,0
1946,0
1947,0
1948,1
1949,0
1950,1
1951,0
1952,0
1953,1
1954,1
1955,0
1956,1
1957,0
1958,0
1959,0
1960,1
1961,1
1962,1
1963,0
1964,1
1965,1
1966,1
1967,0
1968,1
1969,1
1970,0
1971,0
1972,1
1973,0
1974,0
1975,1
1976,0
1977,0
1978,1
1979,0
1980,0
1981,0
1982,0
1983,0
1984,0
1985,0
1986,1
1987,0
1988,0
1989,1
1990,1
1991,1
1992,0
1993,0
1994,1
1995,0
1996,0
1997,0
1998,0
1999,0
2000,1
2001,0
2002,0
2003,0
2004,0
2005,1
2006,0
2007,1
2008,0
2009,0
2010,1
2011,0
2012,0
2013,1
2014,1
2015,0
2016,0
2017,1
2018,0
2019,1
2020,0
2021,0
2022,0
2023,0
2024,1
2025,0
2026,1
2027,0
2028,0
2029,1
2030,0
2031,1
2032,0
2033,0
2034,1
2035,0
2036,0
2037,1
2038,0
2039,0
2040,0
2041,0
2042,0
2043,1
2044,1
2045,1
2046,1
2047,0
2048,1
2049,1
2050,0
2051,0
2052,0
2053,0
2054,1
2055,1
2056,1
2057,1
2058,1
2059,0
2060,1
2061,0
2062,1
2063,1
2064,0
2065,0
2066,0
2067,0
2068,0
2069,0
2070,0
2071,0
2072,1
2073,1
2074,1
2075,0
2076,1
2077,0
2078,1
2079,0
2080,1
2081,0
2082,0
2083,0
2084,1
2085,0
2086,0
2087,0
2088,0
2089,0
2090,0
2091,0
2092,0
2093,0
2094,0
2095,0
2096,1
2097,0
2098,0
2099,1
2100,1
2101,1
2102,0
2103,0
2104,0
2105,1
2106,0
2107,0
2108,0
2109,0
2110,0
2111,0
2112,0
2113,1
2114,0
2115,1
2116,0
2117,0
2118,0
2119,0
2120,1
2121,0
2122,0
2123,0
2124,0
2125,1
2126,1
2127,0
2128,0
2129,0
2130,0
2131,0
2132,1
2133,0
2134,0
2135,1
2136,1
2137,1
2138,0
2139,1
2140,1
2141,0
2142,0
2143,0
2144,0
2145,0
2146,1
2147,0
2148,0
2149,1
2150,0
2151,1
2152,0
2153,0
2154,0
2155,0
2156,0
2157,0
2158,0
2159,1
2160,0
2161,0
2162,0
2163,0
2164,0
2165,1
2166,1
2167,0
2168,1
2169,1
2170,1
2171,0
2172,1
2173,1
2174,0
2175,0
2176,0
2177,0
2178,0
2179,0
2180,1
2181,1
2182,0
2183,0
2184,0
2185,0
2186,0
2187,0
2188,0
2189,1
2190,0
2191,0
2192,1
2193,0
2194,0
2195,0
2196,0
2197,0
2198,0
2199,0
2200,0
2201,0
2202,1
2203,0
2204,0
2205,0
2206,1
2207,0
2208,0
2209,0
2210,1
2211,0
2212,0
2213,0
2214,0
2215,1
2216,0
2217,1
2218,1
2219,0
2220,0
2221,1
2222,1
2223,0
2224,0
2225,0
2226,0
2227,0
2228,0
2229,0
2230,0
2231,0
2232,0
2233,0
2234,1
2235,0
2236,1
2237,1
2238,0
2239,0
2240,0
2241,1
2242,0
2243,1
2244,0
2245,0
2246,0
2247,0
2248,1
2249,1
2250,0
2251,1
2252,0
2253,0
2254,0
2255,1
2256,0
2257,0
2258,0
2259,1
2260,0
2261,0
2262,1
2263,0
2264,0
2265,0
2266,0
2267,0
2268,0
2269,0
2270,0
2271,1
2272,0
2273,0
2274,0
2275,1
2276,1
2277,0
2278,0
2279,1
2280,1
2281,0
2282,1
2283,1
2284,0
2285,0
2286,0
2287,0
2288,1
2289,1
2290,1
2291,1
2292,1
2293,0
2294,0
2295,1
2296,0
2297,0
2298,0
2299,1
2300,0
2301,0
2302,0
2303,1
2304,0
2305,1
2306,1
2307,0
2308,0
2309,0
2310,1
2311,1
2312,1
2313,1
2314,0
2315,1
2316,0
2317,1
2318,0
2319,0
2320,0
2321,0
2322,1
2323,0
2324,0
2325,1
2326,1
2327,0
2328,1
2329,0
2330,0
2331,0
2332,0
2333,1
2334,0
2335,0
2336,1
2337,1
2338,1
2339,0
2340,1
2341,0
2342,0
2343,0
2344,1
2345,1
2346,0
2347,0
2348,1
2349,0
2350,1
2351,1
2352,0
2353,1
2354,1
2355,0
2356,0
2357,0
2358,0
2359,0
2360,0
2361,0
2362,0
2363,0
2364,0
2365,1
2366,1
2367,1
2368,0
2369,1
2370,1
2371,1
2372,0
2373,0
2374,0
2375,0
2376,0
2377,0
2378,0
2379,0
2380,0
2381,1
2382,0
2383,1
2384,1
2385,1
2386,0
2387,1
2388,0
2389,1
2390,0
2391,1
2392,1
2393,0
2394,0
2395,0
2396,0
2397,1
2398,1
2399,0
2400,0
2401,0
2402,1
2403,0
2404,1
2405,0
2406,0
2407,0
2408,0
2409,0
2410,0
2411,1
2412,0
2413,0
2414,1
2415,0
2416,0
2417,1
2418,0
2419,1
2420,1
2421,0
2422,1
2423,1
2424,0
2425,1
2426,0
2427,1
2428,1
2429,0
2430,0
2431,0
2432,0
2433,1
2434,0
2435,0
2436,0
2437,0
2438,0
2439,1
2440,1
2441,0
2442,1
2443,1
2444,0
2445,0
2446,1
2447,1
2448,0
2449,1
2450,0
2451,0
2452,1
2453,1
2454,0
2455,1
2456,1
2457,1
2458,0
2459,0
2460,0
2461,0
2462,1
2463,0
2464,0
2465,0
2466,0
2467,0
2468,0
2469,1
2470,1
2471,0
2472,0
2473,0
2474,0
2475,0
2476,1
2477,0
2478,0
2479,1
2480,1
2481,0
2482,1
2483,0
2484,0
2485,1
2486,1
2487,0
2488,0
2489,1
2490,0
2491,0
2492,0
2493,0
2494,0
2495,1
2496,0
2497,0
2498,0
2499,0
2500,1
2501,0
2502,0
2503,1
2504,0
2505,0
2506,0
2507,1
2508,0
2509,0
2510,0
2511,1
2512,0
2513,1
2514,0
2515,0
2516,0
2517,0
2518,0
2519,1
2520,0
2521,0
2522,1
2523,1
2524,0
2525,0
2526,0
2527,0
2528,0
2529,1
2530,0
2531,0
2532,0
2533,1
2534,0
2535,0
2536,1
2537,0
2538,1
2539,0
2540,1
2541,0
2542,0
2543,1
2544,1
2545,0
2546,1
2547,0
2548,0
2549,0
2550,0
2551,1
2552,0
2553,0
2554,0
2555,0
2556,0
2557,0
2558,0
2559,1
2560,0
2561,0
2562,0
2563,1
2564,1
2565,1
2566,1
2567,1
2568,0
2569,0
2570,1
2571,1
2572,0
2573,0
2574,1
2575,0
2576,1
2577,1
2578,0
2579,0
2580,0
2581,1
2582,1
2583,0
2584,0
2585,0
2586,0
2587,1
2588,1
2589,0
2590,0
2591,0
2592,1
2593,1
2594,0
2595,0
2596,1
2597,0
2598,1
2599,1
2600,0
2601,0
2602,1
2603,0
2604,0
2605,1
2606,0
2607,1
2608,0
2609,0
2610,1
2611,1
2612,1
2613,1
2614,1
2615,0
2616,0
2617,0
2618,0
2619,0
2620,0
2621,0
2622,0
2623,1
2624,1
2625,1
2626,0
2627,1
2628,0
2629,1
2630,1
2631,0
2632,0
2633,0
2634,0
2635,0
2636,0
2637,1
2638,1
2639,1
2640,1
2641,0
2642,1
2643,1
2644,0
2645,0
2646,1
2647,1
2648,0
2649,0
2650,1
2651,1
2652,1
2653,1
2654,1
2655,1
2656,0
2657,0
2658,0
2659,1
2660,0
2661,0
2662,0
2663,0
2664,1
2665,0
2666,1
2667,1
2668,0
2669,1
2670,1
2671,0
2672,0
2673,1
2674,0
2675,1
2676,0
2677,0
2678,1
2679,1
2680,0
2681,0
2682,1
2683,1
2684,1
2685,1
2686,0
2687,1
2688,1
2689,0
2690,0
2691,0
2692,0
2693,0
2694,0
2695,0
2696,0
2697,0
2698,1
2699,0
2700,0
2701,0
2702,0
2703,0
2704,0
2705,1
2706,1
2707,0
2708,0
2709,0
2710,0
2711,0
2712,0
2713,1
2714,1
2715,0
2716,0
2717,1
2718,0
2719,0
2720,1
2721,0
2722,0
2723,0
2724,1
2725,1
2726,1
2727,1
2728,1
2729,1
2730,0
2731,0
2732,0
2733,0
2734,1
2735,0
2736,1
2737,0
2738,1
2739,0
2740,1
2741,1
2742,0
2743,0
2744,1
2745,1
2746,0
2747,0
2748,0
2749,1
2750,0
2751,1
2752,1
2753,0
2754,1
2755,1
2756,0
2757,1
2758,0
2759,1
2760,0
2761,0
2762,0
2763,1
2764,1
2765,1
2766,1
2767,1
2768,0
2769,0
2770,0
2771,1
2772,0
2773,0
2774,1
2775,0
2776,1
2777,0
2778,0
2779,1
2780,0
2781,1
2782,1
2783,1
2784,1
2785,0
2786,1
2787,0
2788,0
2789,0
2790,1
2791,0
2792,0
2793,1
2794,1
2795,0
2796,1
2797,0
2798,0
2799,1
2800,0
2801,0
2802,0
2803,1
2804,1
2805,0
2806,1
2807,1
2808,1
2809,1
2810,0
2811,0
2812,1
2813,1
2814,1
2815,1
2816,1
2817,0
2818,0
2819,0
2820,1
2821,1
2822,0
2823,0
2824,0
2825,0
2826,0
2827,1
2828,0
2829,0
2830,1
2831,0
2832,0
2833,0
2834,0
2835,1
2836,0
2837,0
2838,1
2839,0
2840,0
2841,1
2842,0
2843,0
2844,0
2845,1
2846,1
2847,0
2848,1
2849,1
2850,0
2851,0
2852,0
2853,1
2854,0
2855,0
2856,0
2857,1
2858,0
2859,1
2860,0
2861,1
2862,1
2863,0
2864,0
2865,0
2866,0
2867,0
2868,1
2869,0
2870,1
2871,0
2872,0
2873,0
2874,0
2875,0
2876,0
2877,0
2878,1
2879,0
2880,0
2881,1
2882,1
2883,1
2884,1
2885,0
2886,0
2887,1
2888,0
2889,0
2890,0
2891,0
2892,0
2893,1
2894,1
2895,0
2896,1
2897,0
2898,0
2899,1
2900,0
2901,1
2902,0
2903,0
2904,1
2905,0
2906,0
2907,0
2908,0
2909,1
2910,0
2911,1
2912,1
2913,0
2914,1
2915,0
2916,1
2917,1
2918,1
2919,0
2920,0
2921,0
2922,1
2923,0
2924,0
2925,0
2926,1
2927,0
2928,1
2929,0
2930,1
2931,0
2932,0
2933,0
2934,1
2935,0
2936,1
2937,1
2938,0
2939,0
2940,0
2941,0
2942,1
2943,0
2944,0
2945,0
2946,0
2947,1
2948,0
2949,0
2950,0
2951,0
2952,0
2953,1
2954,0
2955,0
2956,1
2957,0
2958,0
2959,0
2960,1
2961,0
2962,0
2963,0
2964,0
2965,1
2966,1
2967,1
2968,1
2969,0
2970,1
2971,0
2972,0
2973,0
2974,0
2975,1
2976,0
2977,1
2978,0
2979,1
2980,1
2981,0
2982,0
2983,1
2984,0
2985,0
2986,1
2987,0
2988,0
2989,0
2990,0
2991,0
2992,1
2993,0
2994,1
2995,1
2996,1
2997,0
2998,0
2999,1
3000,0
3001,0
3002,1
3003,0
3004,0
3005,1
3006,0
3007,1
3008,0
3009,0
3010,0
3011,0
3012,1
3013,1
3014,0
3015,0
3016,1
3017,0
3018,1
3019,0
3020,0
3021,0
3022,0
3023,0
3024,1
3025,0
3026,0
3027,0
3028,0
3029,0
3030,0
3031,0
3032,0
3033,0
3034,0
3035,1
3036,1
3037,0
3038,0
3039,0
3040,1
3041,1
3042,0
3043,1
3044,0
3045,0
3046,0
3047,0
3048,0
3049,0
3050,1
3051,1
3052,1
3053,0
3054,1
3055,0
3056,1
3057,1
3058,0
3059,1
3060,0
3061,0
3062,0
3063,0
3064,1
3065,0
3066,0
3067,1
3068,0
3069,0
3070,0
3071,1
3072,1
3073,0
3074,0
3075,0
3076,0
3077,0
3078,0
3079,1
3080,0
3081,0
3082,0
3083,0
3084,0
3085,1
3086,0
3087,0
3088,0
3089,0
3090,0
3091,0
3092,0
3093,0
3094,0
3095,0
3096,1
3097,0
3098,0
3099,0
3100,0
3101,0
3102,1
3103,0
3104,0
3105,1
3106,0
3107,1
3108,0
3109,1
3110,1
3111,1
3112,0
3113,0
3114,0
3115,0
3116,1
3117,0
3118,0
3119,0
3120,0
3121,0
3122,1
3123,0
3124,0
3125,1
3126,0
3127,0
3128,0
3129,1
3130,0
3131,0
3132,0
3133,0
3134,1
3135,0
3136,0
3137,1
3138,1
3139,0
3140,1
3141,1
3142,0
3143,0
3144,0
3145,0
3146,0
3147,0
3148,0
3149,1
3150,1
3151,0
3152,1
3153,0
3154,0
3155,1
3156,0
3157,0
3158,0
3159,0
3160,0
3161,1
3162,0
3163,1
3164,1
3165,1
3166,1
3167,0
3168,1
3169,0
3170,0
3171,0
3172,0
3173,0
3174,0
3175,1
3176,1
3177,0
3178,1
3179,0
3180,1
3181,1
3182,0
3183,0
3184,0
3185,0
3186,0
3187,0
3188,0
3189,0
3190,1
3191,1
3192,0
3193,0
3194,1
3195,1
3196,1
3197,0
3198,0
3199,0
3200,0
3201,1
3202,1
3203,0
3204,1
3205,1
3206,1
3207,0
3208,1
3209,0
3210,1
3211,0
3212,1
3213,0
3214,0
3215,1
3216,0
3217,1
3218,0
3219,1
3220,0
3221,0
3222,0
3223,1
3224,0
3225,1
3226,0
3227,0
3228,0
3229,0
3230,0
3231,1
3232,0
3233,0
3234,1
3235,1
3236,0
3237,0
3238,1
3239,0
3240,0
3241,1
3242,0
3243,1
3244,0
3245,0
3246,1
3247,1
3248,0
3249,0
3250,0
3251,0
3252,0
3253,1
3254,0
3255,1
3256,1
3257,0
3258,0
3259,1
3260,0
3261,1
3262,0
3263,0
3264,0
3265,1
3266,1
3267,1
3268,0
3269,0
3270,0
3271,0
3272,0
3273,1
3274,1
3275,1
3276,1
3277,1
3278,1
3279,0
3280,0
3281,0
3282,0
3283,1
3284,1
3285,1
3286,0
3287,0
3288,1
3289,0
3290,1
3291,1
3292,1
3293,1
3294,0
3295,1
3296,1
3297,0
3298,1
3299,0
3300,1
3301,0
3302,0
3303,0
3304,0
3305,0
3306,1
3307,1
3308,0
3309,0
3310,1
3311,1
3312,0
3313,1
3314,0
3315,0
3316,1
3317,0
3318,0
3319,1
3320,1
3321,1
3322,0
3323,1
3324,0
3325,0
3326,0
3327,1
3328,0
3329,1
3330,1
3331,0
3332,1
3333,0
3334,0
3335,1
3336,0
3337,1
3338,0
3339,0
3340,1
3341,1
3342,0
3343,1
3344,1
3345,1
3346,0
3347,1
3348,0
3349,1
3350,0
3351,0
3352,0
3353,1
3354,1
3355,0
3356,1
3357,0
3358,1
3359,1
3360,1
3361,1
3362,1
3363,0
3364,0
3365,0
3366,1
3367,0
3368,0
3369,0
3370,0
3371,1
3372,1
3373,1
3374,1
3375,0
3376,0
3377,0
3378,1
3379,0
3380,0
3381,1
3382,1
3383,0
3384,0
3385,0
3386,0
3387,1
3388,0
3389,1
3390,1
3391,1
3392,1
3393,0
3394,1
3395,0
3396,0
3397,0
3398,1
3399,0
3400,1
3401,0
3402,0
3403,1
3404,0
3405,0
3406,1
3407,1
3408,1
3409,0
3410,0
3411,1
3412,1
3413,0
3414,0
3415,0
3416,1
3417,1
3418,1
3419,0
3420,0
3421,1
3422,0
3423,0
3424,0
3425,0
3426,1
3427,0
3428,1
3429,0
3430,1
3431,1
3432,1
3433,1
3434,0
3435,0
3436,1
3437,1
3438,0
3439,1
3440,0
3441,0
3442,1
3443,0
3444,0
3445,1
3446,1
3447,0
3448,1
3449,0
3450,0
3451,0
3452,0
3453,1
3454,0
3455,0
3456,1
3457,0
3458,0
3459,0
3460,1
3461,1
3462,0
3463,0
3464,0
3465,0
3466,1
3467,0
3468,0
3469,1
3470,1
3471,1
3472,1
3473,1
3474,1
3475,1
3476,1
3477,1
3478,0
3479,1
3480,1
3481,0
3482,1
3483,1
3484,1
3485,1
3486,1
3487,0
3488,1
3489,0
3490,1
3491,0
3492,1
3493,1
3494,1
3495,1
3496,0
3497,1
3498,0
3499,0
3500,0
3501,1
3502,0
3503,0
3504,0
3505,0
3506,1
3507,0
3508,1
3509,0
3510,0
3511,0
3512,0
3513,1
3514,0
3515,1
3516,1
3517,0
3518,0
3519,0
3520,1
3521,0
3522,0
3523,1
3524,1
3525,0
3526,0
3527,1
3528,1
3529,1
3530,1
3531,0
3532,1
3533,1
3534,0
3535,0
3536,1
3537,1
3538,1
3539,0
3540,1
3541,0
3542,0
3543,1
3544,0
3545,0
3546,0
3547,1
3548,0
3549,1
3550,1
3551,0
3552,0
3553,0
3554,0
3555,0
3556,1
3557,0
3558,1
3559,1
3560,0
3561,0
3562,1
3563,1
3564,0
3565,0
3566,0
3567,0
3568,0
3569,0
3570,0
3571,0
3572,1
3573,1
3574,1
3575,0
3576,1
3577,1
3578,1
3579,1
3580,1
3581,0
3582,0
3583,0
3584,0
3585,0
3586,0
3587,1
3588,0
3589,0
3590,0
3591,1
3592,1
3593,1
3594,1
3595,1
3596,0
3597,1
3598,0
3599,1
3600,0
3601,1
3602,0
3603,0
3604,0
3605,0
3606,1
3607,1
3608,1
3609,1
3610,0
3611,1
3612,0
3613,1
3614,0
3615,0
3616,1
3617,0
3618,1
3619,1
3620,0
3621,1
3622,0
3623,1
3624,1
3625,1
3626,1
3627,1
3628,1
3629,0
3630,1
3631,1
3632,1
3633,1
3634,1
3635,1
3636,1
3637,0
3638,1
3639,0
3640,1
3641,1
3642,0
3643,0
3644,1
3645,1
3646,0
3647,1
3648,0
3649,1
3650,0
3651,0
3652,1
3653,1
3654,0
3655,0
3656,1
3657,0
3658,0
3659,0
3660,1
3661,1
3662,0
3663,0
3664,1
3665,1
3666,1
3667,1
3668,0
3669,0
3670,0
3671,1
3672,0
3673,1
3674,0
3675,0
3676,0
3677,1
3678,0
3679,0
3680,1
3681,1
3682,0
3683,1
3684,0
3685,1
3686,1
3687,1
3688,1
3689,0
3690,0
3691,1
3692,0
3693,1
3694,0
3695,1
3696,1
3697,1
3698,1
3699,1
3700,0
3701,0
3702,0
3703,0
3704,1
3705,1
3706,1
3707,0
3708,0
3709,0
3710,1
3711,1
3712,0
3713,0
3714,1
3715,0
3716,1
3717,1
3718,0
3719,1
3720,0
3721,0
3722,0
3723,0
3724,1
3725,1
3726,0
3727,0
3728,1
3729,1
3730,0
3731,1
3732,0
3733,1
3734,1
3735,0
3736,1
3737,0
3738,1
3739,0
3740,1
3741,1
3742,1
3743,0
3744,0
3745,0
3746,0
3747,0
3748,1
3749,0
3750,1
3751,1
3752,1
3753,1
3754,0
3755,1
3756,0
3757,1
3758,0
3759,1
3760,0
3761,0
3762,0
3763,1
3764,0
3765,1
3766,0
3767,1
3768,1
3769,1
3770,0
3771,1
3772,1
3773,0
3774,0
3775,0
3776,1
3777,1
3778,1
3779,0
3780,1
3781,0
3782,1
3783,1
3784,1
3785,0
3786,1
3787,1
3788,1
3789,1
3790,1
3791,0
3792,1
3793,1
3794,0
3795,0
3796,1
3797,1
3798,1
3799,1
3800,1
3801,1
3802,1
3803,0
3804,1
3805,1
3806,1
3807,0
3808,1
3809,0
3810,0
3811,0
3812,1
3813,1
3814,1
3815,1
3816,1
3817,1
3818,0
3819,1
3820,1
3821,1
3822,1
3823,1
3824,1
3825,0
3826,0
3827,1
3828,1
3829,1
3830,1
3831,1
3832,1
3833,1
3834,0
3835,1
3836,0
3837,0
3838,1
3839,1
3840,0
3841,0
3842,0
3843,1
3844,1
3845,1
3846,0
3847,1
3848,1
3849,0
3850,1
3851,0
3852,1
3853,1
3854,1
3855,1
3856,1
3857,1
3858,0
3859,0
3860,0
3861,1
3862,1
3863,0
3864,1
3865,0
3866,1
3867,1
3868,0
3869,1
3870,0
3871,0
3872,1
3873,0
3874,1
3875,1
3876,0
3877,1
3878,1
3879,0
3880,1
3881,1
3882,1
3883,0
3884,0
3885,1
3886,1
3887,0
3888,0
3889,1
3890,1
3891,1
3892,1
3893,1
3894,1
3895,1
3896,0
3897,0
3898,1
3899,1
3900,1
3901,0
3902,1
3903,1
3904,0
3905,1
3906,0
3907,1
3908,0
3909,0
3910,1
3911,0
3912,1
3913,0
3914,0
3915,1
3916,0
3917,1
3918,1
3919,1
3920,1
3921,1
3922,0
3923,1
3924,0
3925,1
3926,1
3927,0
3928,1
3929,1
3930,0
3931,1
3932,1
3933,1
3934,1
3935,1
3936,1
3937,1
3938,1
3939,0
3940,1
3941,1
3942,0
3943,1
3944,1
3945,1
3946,1
3947,0
3948,1
3949,1
3950,1
3951,1
3952,1
3953,1
3954,1
3955,1
3956,1
3957,1
3958,1
3959,1
3960,1
3961,1
3962,1
3963,0
3964,1
3965,1
3966,0
3967,1
3968,1
3969,1
3970,1
3971,1
3972,1
3973,1
3974,0
3975,1
3976,1
3977,1
3978,1
3979,1
3980,0
3981,1
3982,1
3983,1
3984,1
3985,1
3986,1
3987,0
3988,1
3989,1
3990,1
3991,1
3992,1
3993,1
3994,1
3995,1
3996,1
3997,1
3998,1
3999,0
4000,1
4001,0
4002,1
4003,0
4004,1
4005,0
4006,0
4007,1
4008,1
4009,1
4010,1
4011,0
4012,0
4013,0
4014,1
4015,1
4016,1
4017,0
4018,1
4019,0
4020,0
4021,1
4022,1
4023,1
4024,1
4025,0
4026,0
4027,0
4028,1
4029,1
4030,1
4031,1
4032,1
4033,1
4034,1
4035,0
4036,0
4037,0
4038,0
4039,0
4040,1
4041,1
4042,0
4043,0
4044,0
4045,1
4046,0
4047,1
4048,1
4049,1
4050,1
4051,1
4052,0
4053,0
4054,1
4055,0
4056,1
4057,0
4058,1
4059,0
4060,1
4061,1
4062,0
4063,1
4064,1
4065,0
4066,1
4067,0
4068,0
4069,1
4070,0
4071,0
4072,0
4073,0
4074,0
4075,0
4076,0
4077,0
4078,0
4079,1
4080,0
4081,0
4082,0
4083,1
4084,1
4085,1
4086,0
4087,1
4088,0
4089,0
4090,1
4091,0
4092,0
4093,1
4094,0
4095,0
4096,1
4097,1
4098,1
4099,1
4100,1
4101,1
4102,0
4103,0
4104,0
4105,0
4106,0
4107,0
4108,0
4109,0
4110,1
4111,1
4112,1
4113,1
4114,0
4115,0
4116,1
4117,1
4118,0
4119,1
4120,0
4121,1
4122,1
4123,1
4124,1
4125,1
4126,0
4127,0
4128,1
4129,0
4130,0
4131,1
4132,0
4133,0
4134,0
4135,0
4136,1
4137,1
4138,0
4139,0
4140,1
4141,1
4142,0
4143,1
4144,0
4145,1
4146,1
4147,1
4148,0
4149,1
4150,0
4151,0
4152,0
4153,1
4154,1
4155,0
4156,0
4157,1
4158,0
4159,0
4160,0
4161,0
4162,1
4163,0
4164,1
4165,1
4166,0
4167,1
4168,1
4169,1
4170,1
4171,0
4172,1
4173,1
4174,1
4175,1
4176,0
4177,1
4178,1
4179,1
4180,1
4181,1
4182,1
4183,0
4184,0
4185,1
4186,0
4187,1
4188,1
4189,1
4190,0
4191,1
4192,0
4193,0
4194,1
4195,1
4196,0
4197,0
4198,1
4199,1
4200,0
4201,1
4202,0
4203,0
4204,0
4205,1
4206,1
4207,1
4208,0
4209,1
4210,0
4211,1
4212,1
4213,1
4214,0
4215,1
4216,1
4217,1
4218,1
4219,0
4220,1
4221,0
4222,0
4223,1
4224,1
4225,0
4226,0
4227,1
4228,0
4229,1
4230,0
4231,1
4232,0
4233,1
4234,1
4235,0
4236,1
4237,1
4238,1
4239,1
4240,0
4241,1
4242,0
4243,1
4244,0
4245,1
4246,1
4247,1
4248,0
4249,1
4250,0
4251,0
4252,1
4253,1
4254,1
4255,0
4256,1
4257,1
4258,0
4259,0
4260,0
4261,1
4262,0
4263,0
4264,0
4265,1
4266,1
4267,1
4268,0
4269,1
4270,1
4271,1
4272,1
4273,0
4274,1
4275,1
4276,0
4277,0
4278,1
4279,0
4280,1
4281,1
4282,1
4283,1
4284,0
4285,1
4286,0
4287,0
4288,0
4289,0
4290,0
4291,1
4292,0
4293,0
4294,0
4295,1
4296,0
4297,0
4298,0
4299,1
4300,1
4301,1
4302,1
4303,1
4304,0
4305,0
4306,0
4307,0
4308,1
4309,1
4310,0
4311,1
4312,0
4313,1
4314,1
4315,1
4316,1
4317,1
4318,0
4319,0
4320,1
4321,1
4322,0
4323,1
4324,0
4325,1
4326,0
4327,1
4328,0
4329,0
4330,1
4331,0
4332,0
4333,1
4334,1
4335,0
4336,1
4337,0
4338,1
4339,1
4340,1
4341,0
4342,0
4343,1
4344,1
4345,1
4346,0
4347,0
4348,0
4349,0
4350,0
4351,0
4352,0
4353,0
4354,0
4355,0
4356,0
4357,0
4358,1
4359,1
4360,0
4361,0
4362,0
4363,0
4364,1
4365,1
4366,1
4367,1
4368,1
4369,1
4370,1
4371,1
4372,0
4373,1
4374,0
4375,1
4376,1
4377,1
4378,0
4379,1
4380,0
4381,1
4382,1
4383,1
4384,1
4385,0
4386,1
4387,0
4388,0
4389,1
4390,1
4391,0
4392,0
4393,1
4394,0
4395,1
4396,0
4397,1
4398,0
4399,1
4400,1
4401,0
4402,1
4403,1
4404,1
4405,0
4406,1
4407,1
4408,1
4409,1
4410,1
4411,1
4412,1
4413,1
4414,0
4415,1
4416,1
4417,0
4418,1
4419,0
4420,0
4421,1
4422,1
4423,1
4424,0
4425,1
4426,1
4427,1
4428,0
4429,0
4430,1
4431,1
4432,1
4433,1
4434,1
4435,0
4436,1
4437,1
4438,1
4439,1
4440,1
4441,1
4442,0
4443,1
4444,1
4445,1
4446,0
4447,1
4448,0
4449,1
4450,1
4451,0
4452,1
4453,1
4454,1
4455,1
4456,1
4457,1
4458,0
4459,1
4460,1
4461,1
4462,1
4463,1
4464,1
4465,0
4466,1
4467,1
4468,0
4469,1
4470,1
4471,1
4472,0
4473,0
4474,1
4475,1
4476,1
4477,1
4478,1
4479,1
4480,1
4481,1
4482,0
4483,1
4484,1
4485,1
4486,1
4487,0
4488,1
4489,0
4490,1
4491,1
4492,1
4493,1
4494,1
4495,1
4496,1
4497,1
4498,0
4499,1
4500,1
4501,0
4502,0
4503,0
4504,0
4505,1
4506,0
4507,1
4508,1
4509,1
4510,1
4511,1
4512,0
4513,1
